model,macro_f1,accuracy,conf_mean,conf_p50,conf_min,conf_max
gb,0.8813403800292984,0.8928227360308285,0.8810179080838832,0.9470748271955246,0.34573202822964133,0.9993625800101978
rf,0.8692186861801242,0.8822254335260116,0.8669971667176221,0.95,0.30190476190476195,1.0
mlp,0.8660212619533324,0.8788535645472062,0.8815654411380065,0.9460555327628719,0.3451050119165317,0.9999715401131907
svm_rbf,0.8598635325518533,0.873795761078998,0.8519670973551413,0.9139822333379839,0.2967113820343718,0.9999999199808499
logreg,0.8372110917792079,0.8540462427745664,0.7830988500281854,0.8180796374008246,0.3401051839763418,0.9999207408970786
dt,0.8243644677661671,0.8412813102119461,0.988986609488777,1.0,0.5,1.0
knn,0.8221273871983721,0.8403179190751445,0.8424052665382146,0.8888888888888888,0.2222222222222222,1.0
